rank_group,polarity,tag,design_count,total_designs,prevalence_pct
Rank 1,positive,accessibility,10,91,10.989010989010989
Rank 1,positive,acoustics,6,91,6.593406593406593
Rank 1,positive,circulation,70,91,76.92307692307692
Rank 1,positive,comfort,0,91,0.0
Rank 1,positive,cost,48,91,52.747252747252745
Rank 1,positive,daylight,47,91,51.64835164835165
Rank 1,positive,durability,0,91,0.0
Rank 1,positive,expression,64,91,70.32967032967034
Rank 1,positive,facade,27,91,29.67032967032967
Rank 1,positive,feasibility,0,91,0.0
Rank 1,positive,fire safety,5,91,5.4945054945054945
Rank 1,positive,flexibility,63,91,69.23076923076923
Rank 1,positive,functionality,81,91,89.01098901098901
Rank 1,positive,identity,59,91,64.83516483516483
Rank 1,positive,landscape,60,91,65.93406593406593
Rank 1,positive,layout,84,91,92.3076923076923
Rank 1,positive,massing,80,91,87.91208791208791
Rank 1,positive,materiality,0,91,0.0
Rank 1,positive,open space,78,91,85.71428571428571
Rank 1,positive,operation,35,91,38.46153846153846
Rank 1,positive,orientation,2,91,2.197802197802198
Rank 1,positive,phasing,1,91,1.098901098901099
Rank 1,positive,privacy,11,91,12.087912087912088
Rank 1,positive,proportion,28,91,30.76923076923077
Rank 1,positive,regulatory compliance,0,91,0.0
Rank 1,positive,safety,11,91,12.087912087912088
Rank 1,positive,scale,37,91,40.65934065934066
Rank 1,positive,structure,46,91,50.54945054945055
Rank 1,positive,sustainability,50,91,54.94505494505494
Rank 1,positive,topography,25,91,27.47252747252747
Rank 1,positive,urban integration,89,91,97.8021978021978
Rank 1,positive,ventilation,10,91,10.989010989010989
Rank 1,positive,visibility,29,91,31.86813186813187
Rank 1,negative,accessibility,27,91,29.67032967032967
Rank 1,negative,acoustics,8,91,8.791208791208792
Rank 1,negative,circulation,55,91,60.43956043956044
Rank 1,negative,comfort,0,91,0.0
Rank 1,negative,cost,25,91,27.47252747252747
Rank 1,negative,daylight,22,91,24.175824175824175
Rank 1,negative,durability,0,91,0.0
Rank 1,negative,expression,38,91,41.75824175824176
Rank 1,negative,facade,34,91,37.362637362637365
Rank 1,negative,feasibility,0,91,0.0
Rank 1,negative,fire safety,10,91,10.989010989010989
Rank 1,negative,flexibility,13,91,14.285714285714286
Rank 1,negative,functionality,57,91,62.637362637362635
Rank 1,negative,identity,13,91,14.285714285714286
Rank 1,negative,landscape,34,91,37.362637362637365
Rank 1,negative,layout,52,91,57.142857142857146
Rank 1,negative,massing,30,91,32.967032967032964
Rank 1,negative,materiality,0,91,0.0
Rank 1,negative,open space,36,91,39.56043956043956
Rank 1,negative,operation,30,91,32.967032967032964
Rank 1,negative,orientation,3,91,3.2967032967032965
Rank 1,negative,phasing,0,91,0.0
Rank 1,negative,privacy,8,91,8.791208791208792
Rank 1,negative,proportion,12,91,13.186813186813186
Rank 1,negative,regulatory compliance,1,91,1.098901098901099
Rank 1,negative,safety,17,91,18.681318681318682
Rank 1,negative,scale,16,91,17.582417582417584
Rank 1,negative,structure,29,91,31.86813186813187
Rank 1,negative,sustainability,39,91,42.857142857142854
Rank 1,negative,topography,11,91,12.087912087912088
Rank 1,negative,urban integration,35,91,38.46153846153846
Rank 1,negative,ventilation,9,91,9.89010989010989
Rank 1,negative,visibility,17,91,18.681318681318682
Rank 2–3,positive,accessibility,22,187,11.764705882352942
Rank 2–3,positive,acoustics,5,187,2.6737967914438503
Rank 2–3,positive,circulation,136,187,72.72727272727273
Rank 2–3,positive,comfort,0,187,0.0
Rank 2–3,positive,cost,60,187,32.0855614973262
Rank 2–3,positive,daylight,86,187,45.98930481283423
Rank 2–3,positive,durability,0,187,0.0
Rank 2–3,positive,expression,115,187,61.49732620320856
Rank 2–3,positive,facade,59,187,31.550802139037433
Rank 2–3,positive,feasibility,0,187,0.0
Rank 2–3,positive,fire safety,7,187,3.7433155080213902
Rank 2–3,positive,flexibility,86,187,45.98930481283423
Rank 2–3,positive,functionality,147,187,78.6096256684492
Rank 2–3,positive,identity,88,187,47.05882352941177
Rank 2–3,positive,landscape,93,187,49.73262032085562
Rank 2–3,positive,layout,174,187,93.04812834224599
Rank 2–3,positive,massing,154,187,82.3529411764706
Rank 2–3,positive,materiality,0,187,0.0
Rank 2–3,positive,open space,142,187,75.93582887700535
Rank 2–3,positive,operation,48,187,25.668449197860962
Rank 2–3,positive,orientation,3,187,1.6042780748663101
Rank 2–3,positive,phasing,1,187,0.5347593582887701
Rank 2–3,positive,privacy,7,187,3.7433155080213902
Rank 2–3,positive,proportion,43,187,22.994652406417114
Rank 2–3,positive,regulatory compliance,0,187,0.0
Rank 2–3,positive,safety,16,187,8.556149732620321
Rank 2–3,positive,scale,57,187,30.481283422459892
Rank 2–3,positive,structure,86,187,45.98930481283423
Rank 2–3,positive,sustainability,65,187,34.75935828877005
Rank 2–3,positive,topography,43,187,22.994652406417114
Rank 2–3,positive,urban integration,162,187,86.63101604278074
Rank 2–3,positive,ventilation,7,187,3.7433155080213902
Rank 2–3,positive,visibility,53,187,28.342245989304814
Rank 2–3,negative,accessibility,52,187,27.807486631016044
Rank 2–3,negative,acoustics,19,187,10.16042780748663
Rank 2–3,negative,circulation,148,187,79.14438502673796
Rank 2–3,negative,comfort,1,187,0.5347593582887701
Rank 2–3,negative,cost,91,187,48.663101604278076
Rank 2–3,negative,daylight,72,187,38.50267379679144
Rank 2–3,negative,durability,0,187,0.0
Rank 2–3,negative,expression,109,187,58.288770053475936
Rank 2–3,negative,facade,88,187,47.05882352941177
Rank 2–3,negative,feasibility,1,187,0.5347593582887701
Rank 2–3,negative,fire safety,27,187,14.438502673796792
Rank 2–3,negative,flexibility,51,187,27.272727272727273
Rank 2–3,negative,functionality,152,187,81.28342245989305
Rank 2–3,negative,identity,48,187,25.668449197860962
Rank 2–3,negative,landscape,82,187,43.850267379679146
Rank 2–3,negative,layout,136,187,72.72727272727273
Rank 2–3,negative,massing,104,187,55.61497326203209
Rank 2–3,negative,materiality,0,187,0.0
Rank 2–3,negative,open space,114,187,60.962566844919785
Rank 2–3,negative,operation,71,187,37.967914438502675
Rank 2–3,negative,orientation,2,187,1.0695187165775402
Rank 2–3,negative,phasing,1,187,0.5347593582887701
Rank 2–3,negative,privacy,23,187,12.29946524064171
Rank 2–3,negative,proportion,50,187,26.737967914438503
Rank 2–3,negative,regulatory compliance,2,187,1.0695187165775402
Rank 2–3,negative,safety,55,187,29.41176470588235
Rank 2–3,negative,scale,58,187,31.016042780748663
Rank 2–3,negative,structure,72,187,38.50267379679144
Rank 2–3,negative,sustainability,86,187,45.98930481283423
Rank 2–3,negative,topography,37,187,19.78609625668449
Rank 2–3,negative,urban integration,118,187,63.101604278074866
Rank 2–3,negative,ventilation,15,187,8.02139037433155
Rank 2–3,negative,visibility,42,187,22.459893048128343
Rank 4+,positive,accessibility,30,251,11.952191235059761
Rank 4+,positive,acoustics,11,251,4.382470119521912
Rank 4+,positive,circulation,159,251,63.34661354581673
Rank 4+,positive,comfort,0,251,0.0
Rank 4+,positive,cost,75,251,29.8804780876494
Rank 4+,positive,daylight,83,251,33.06772908366534
Rank 4+,positive,durability,0,251,0.0
Rank 4+,positive,expression,141,251,56.17529880478088
Rank 4+,positive,facade,72,251,28.685258964143426
Rank 4+,positive,feasibility,0,251,0.0
Rank 4+,positive,fire safety,9,251,3.585657370517928
Rank 4+,positive,flexibility,109,251,43.42629482071713
Rank 4+,positive,functionality,180,251,71.71314741035856
Rank 4+,positive,identity,103,251,41.03585657370518
Rank 4+,positive,landscape,119,251,47.41035856573705
Rank 4+,positive,layout,217,251,86.45418326693228
Rank 4+,positive,massing,201,251,80.0796812749004
Rank 4+,positive,materiality,0,251,0.0
Rank 4+,positive,open space,184,251,73.30677290836654
Rank 4+,positive,operation,50,251,19.9203187250996
Rank 4+,positive,orientation,4,251,1.593625498007968
Rank 4+,positive,phasing,1,251,0.398406374501992
Rank 4+,positive,privacy,12,251,4.780876494023905
Rank 4+,positive,proportion,68,251,27.09163346613546
Rank 4+,positive,regulatory compliance,0,251,0.0
Rank 4+,positive,safety,13,251,5.179282868525896
Rank 4+,positive,scale,80,251,31.872509960159363
Rank 4+,positive,structure,103,251,41.03585657370518
Rank 4+,positive,sustainability,86,251,34.26294820717131
Rank 4+,positive,topography,49,251,19.52191235059761
Rank 4+,positive,urban integration,205,251,81.67330677290836
Rank 4+,positive,ventilation,9,251,3.585657370517928
Rank 4+,positive,visibility,55,251,21.91235059760956
Rank 4+,negative,accessibility,83,251,33.06772908366534
Rank 4+,negative,acoustics,26,251,10.358565737051793
Rank 4+,negative,circulation,213,251,84.86055776892431
Rank 4+,negative,comfort,3,251,1.1952191235059761
Rank 4+,negative,cost,105,251,41.832669322709165
Rank 4+,negative,daylight,117,251,46.613545816733065
Rank 4+,negative,durability,0,251,0.0
Rank 4+,negative,expression,157,251,62.54980079681275
Rank 4+,negative,facade,120,251,47.808764940239044
Rank 4+,negative,feasibility,1,251,0.398406374501992
Rank 4+,negative,fire safety,29,251,11.55378486055777
Rank 4+,negative,flexibility,80,251,31.872509960159363
Rank 4+,negative,functionality,212,251,84.4621513944223
Rank 4+,negative,identity,83,251,33.06772908366534
Rank 4+,negative,landscape,121,251,48.20717131474104
Rank 4+,negative,layout,209,251,83.26693227091633
Rank 4+,negative,massing,141,251,56.17529880478088
Rank 4+,negative,materiality,0,251,0.0
Rank 4+,negative,open space,176,251,70.11952191235059
Rank 4+,negative,operation,107,251,42.62948207171315
Rank 4+,negative,orientation,1,251,0.398406374501992
Rank 4+,negative,phasing,2,251,0.796812749003984
Rank 4+,negative,privacy,27,251,10.756972111553784
Rank 4+,negative,proportion,74,251,29.48207171314741
Rank 4+,negative,regulatory compliance,2,251,0.796812749003984
Rank 4+,negative,safety,55,251,21.91235059760956
Rank 4+,negative,scale,75,251,29.8804780876494
Rank 4+,negative,structure,87,251,34.66135458167331
Rank 4+,negative,sustainability,92,251,36.65338645418327
Rank 4+,negative,topography,43,251,17.131474103585656
Rank 4+,negative,urban integration,183,251,72.90836653386454
Rank 4+,negative,ventilation,15,251,5.9760956175298805
Rank 4+,negative,visibility,63,251,25.099601593625497
